,accuracy,epoch
0,0.0,1
1,0.6604215456674473,2
2,0.31381733021077285,3
3,0.21779859484777517,4
4,0.5784543325526932,5
5,0.3793911007025761,6
6,0.65807962529274,7
