,accuracy,epoch
0,0.0,1
1,0.8992974238875878,2
2,0.9203747072599532,3
