,accuracy,epoch
0,0.0,1
1,0.8665105386416861,2
2,0.9156908665105387,3
3,0.9110070257611241,4
4,0.8899297423887588,5
5,0.8899297423887588,6
6,0.9016393442622951,7
