,accuracy,epoch
0,0.0,1
1,0.25526932084309134,2
2,0.2576112412177986,3
3,0.44730679156908665,4
4,0.08196721311475409,5
5,0.4637002341920375,6
6,0.8360655737704918,7
